,rhc_fitnesses,sa_fitnesses,ga_fitnesses,m_fitnesses,rhc_times,sa_times,ga_times,m_times
0,14.0,14.0,14.0,14.0,43.465439796447754,0.11396527290344238,46.47668766975403,23.54033136367798
1,30.0,30.0,14.0,6.0,51.462414264678955,0.1432492733001709,48.41940879821777,44.884801626205444
2,62.0,62.0,6.0,6.0,65.62404203414917,0.16182661056518555,47.61297845840454,80.0699110031128
3,126.0,126.0,2.0,6.0,100.78477168083191,0.22389507293701172,46.490394115448,156.8545081615448
4,254.0,254.0,2.0,2.0,25.2023823261261,0.3153872489929199,117.56304168701172,342.12125968933105
